-- MySQL Administrator dump 1.4
--
-- ------------------------------------------------------
-- Server version	5.1.49-1ubuntu8.1


/*!40101 SET @OLD_CHARACTER_SET_CLIENT=@@CHARACTER_SET_CLIENT */;
/*!40101 SET @OLD_CHARACTER_SET_RESULTS=@@CHARACTER_SET_RESULTS */;
/*!40101 SET @OLD_COLLATION_CONNECTION=@@COLLATION_CONNECTION */;
/*!40101 SET NAMES utf8 */;

/*!40014 SET @OLD_UNIQUE_CHECKS=@@UNIQUE_CHECKS, UNIQUE_CHECKS=0 */;
/*!40014 SET @OLD_FOREIGN_KEY_CHECKS=@@FOREIGN_KEY_CHECKS, FOREIGN_KEY_CHECKS=0 */;
/*!40101 SET @OLD_SQL_MODE=@@SQL_MODE, SQL_MODE='NO_AUTO_VALUE_ON_ZERO' */;


--
-- Create schema ptDB
--

CREATE DATABASE IF NOT EXISTS ptDB;
USE ptDB;

--
-- Definition of table `ptDB`.`ALUMNO`
--

DROP TABLE IF EXISTS `ptDB`.`ALUMNO`;
CREATE TABLE  `ptDB`.`ALUMNO` (
  `ALUM_DNI` int(11) NOT NULL,
  `ALUM_PASS` varchar(255) DEFAULT NULL,
  `ALUM_NOM` varchar(255) NOT NULL,
  `ALUM_TLF` varchar(255) DEFAULT NULL,
  PRIMARY KEY (`ALUM_DNI`)
) ENGINE=MyISAM DEFAULT CHARSET=latin1;

--
-- Dumping data for table `ptDB`.`ALUMNO`
--

/*!40000 ALTER TABLE `ALUMNO` DISABLE KEYS */;
LOCK TABLES `ALUMNO` WRITE;
INSERT INTO `ptDB`.`ALUMNO` VALUES  (78653209,'1111','Juan','944875631'),
 (56712038,'2222','Patricia','944672006');
UNLOCK TABLES;
/*!40000 ALTER TABLE `ALUMNO` ENABLE KEYS */;


--
-- Definition of table `ptDB`.`ASIGNATURA`
--

DROP TABLE IF EXISTS `ptDB`.`ASIGNATURA`;
CREATE TABLE  `ptDB`.`ASIGNATURA` (
  `ASIG_ID` int(11) NOT NULL AUTO_INCREMENT,
  `ASIG_COD` int(11) NOT NULL,
  `ASIG_NOM` varchar(255) NOT NULL,
  `ASIG_CRED` float DEFAULT NULL,
  `ASIG_PROF` int(11) DEFAULT NULL,
  PRIMARY KEY (`ASIG_ID`),
  UNIQUE KEY `ASIG_COD` (`ASIG_COD`),
  KEY `FKECBB617346B17C21` (`ASIG_PROF`)
) ENGINE=MyISAM AUTO_INCREMENT=3 DEFAULT CHARSET=latin1;

--
-- Dumping data for table `ptDB`.`ASIGNATURA`
--

/*!40000 ALTER TABLE `ASIGNATURA` DISABLE KEYS */;
LOCK TABLES `ASIGNATURA` WRITE;
INSERT INTO `ptDB`.`ASIGNATURA` VALUES  (1,11,'iso3',9,1),
 (2,22,'IA',9,2);
UNLOCK TABLES;
/*!40000 ALTER TABLE `ASIGNATURA` ENABLE KEYS */;


--
-- Definition of table `ptDB`.`EVALUACION`
--

DROP TABLE IF EXISTS `ptDB`.`EVALUACION`;
CREATE TABLE  `ptDB`.`EVALUACION` (
  `EV_ID` int(11) NOT NULL AUTO_INCREMENT,
  `EV_CONCEP` varchar(255) NOT NULL,
  `EV_NOTA` float NOT NULL,
  `ALUM_DNI` int(11) NOT NULL,
  `ASIG_ID` int(11) NOT NULL,
  PRIMARY KEY (`EV_ID`),
  KEY `FK500E38ED2351A56C` (`ASIG_ID`),
  KEY `FK500E38EDC476F076` (`ALUM_DNI`)
) ENGINE=MyISAM AUTO_INCREMENT=5 DEFAULT CHARSET=latin1;

--
-- Dumping data for table `ptDB`.`EVALUACION`
--

/*!40000 ALTER TABLE `EVALUACION` DISABLE KEYS */;
LOCK TABLES `EVALUACION` WRITE;
INSERT INTO `ptDB`.`EVALUACION` VALUES  (1,'Ordinaria',9.9,78653209,2),
 (2,'Ordinaria',8.9,78653209,1),
 (3,'Ordinaria',4.3,56712038,2),
 (4,'Extraordinaria',6.5,56712038,2);
UNLOCK TABLES;
/*!40000 ALTER TABLE `EVALUACION` ENABLE KEYS */;


--
-- Definition of table `ptDB`.`MATRICULACIONES`
--

DROP TABLE IF EXISTS `ptDB`.`MATRICULACIONES`;
CREATE TABLE  `ptDB`.`MATRICULACIONES` (
  `ASIG_ID` int(11) NOT NULL,
  `ALUM_DNI` int(11) NOT NULL,
  PRIMARY KEY (`ALUM_DNI`,`ASIG_ID`),
  KEY `FK75298B112351A56C` (`ASIG_ID`),
  KEY `FK75298B11C476F076` (`ALUM_DNI`)
) ENGINE=MyISAM DEFAULT CHARSET=latin1;

--
-- Dumping data for table `ptDB`.`MATRICULACIONES`
--

/*!40000 ALTER TABLE `MATRICULACIONES` DISABLE KEYS */;
LOCK TABLES `MATRICULACIONES` WRITE;
INSERT INTO `ptDB`.`MATRICULACIONES` VALUES  (2,56712038),
 (1,78653209),
 (2,78653209);
UNLOCK TABLES;
/*!40000 ALTER TABLE `MATRICULACIONES` ENABLE KEYS */;


--
-- Definition of table `ptDB`.`PROFESOR`
--

DROP TABLE IF EXISTS `ptDB`.`PROFESOR`;
CREATE TABLE  `ptDB`.`PROFESOR` (
  `PROF_ID` int(11) NOT NULL AUTO_INCREMENT,
  `PROF_DNI` int(11) DEFAULT NULL,
  `PROF_PASS` varchar(255) DEFAULT NULL,
  `PROF_NOM` varchar(255) NOT NULL,
  `PROF_TLF` varchar(255) DEFAULT NULL,
  `PROF_EMAIL` varchar(255) DEFAULT NULL,
  `PROF_DESP` varchar(255) DEFAULT NULL,
  PRIMARY KEY (`PROF_ID`),
  UNIQUE KEY `PROF_NOM` (`PROF_NOM`),
  UNIQUE KEY `PROF_DNI` (`PROF_DNI`)
) ENGINE=MyISAM AUTO_INCREMENT=3 DEFAULT CHARSET=latin1;

--
-- Dumping data for table `ptDB`.`PROFESOR`
--

/*!40000 ALTER TABLE `PROFESOR` DISABLE KEYS */;
LOCK TABLES `PROFESOR` WRITE;
INSERT INTO `ptDB`.`PROFESOR` VALUES  (1,45821905,'1111','Diego López de Ipiña','944678535','dipina@deusto.es','DeustoTech'),
 (2,76519434,'2222','Roberto Carballedo','944673909','carballedo@deusto.es','567');
UNLOCK TABLES;
/*!40000 ALTER TABLE `PROFESOR` ENABLE KEYS */;


--
-- Definition of table `ptDB`.`UNIDAD`
--

DROP TABLE IF EXISTS `ptDB`.`UNIDAD`;
CREATE TABLE  `ptDB`.`UNIDAD` (
  `UNI_ID` int(11) NOT NULL AUTO_INCREMENT,
  `UNI_ACRO` varchar(255) NOT NULL,
  `UNI_TITULO` varchar(255) NOT NULL,
  `UNI_CONT` varchar(255) DEFAULT NULL,
  `ASIG_ID` int(11) DEFAULT NULL,
  PRIMARY KEY (`UNI_ID`),
  UNIQUE KEY `UNI_ACRO` (`UNI_ACRO`),
  KEY `FK95794C972351A56C` (`ASIG_ID`)
) ENGINE=MyISAM AUTO_INCREMENT=5 DEFAULT CHARSET=latin1;

--
-- Dumping data for table `ptDB`.`UNIDAD`
--

/*!40000 ALTER TABLE `UNIDAD` DISABLE KEYS */;
LOCK TABLES `UNIDAD` WRITE;
INSERT INTO `ptDB`.`UNIDAD` VALUES  (1,'ISO3-T1','Introduccion','Introduccion',1),
 (2,'ISO3-T2','Hibernate','Persistencia',1),
 (3,'IA-T2','Euristicas','Euristicas de diseño',2),
 (4,'IA-T1','Introduccion','Introduccion',2);
UNLOCK TABLES;
/*!40000 ALTER TABLE `UNIDAD` ENABLE KEYS */;




/*!40101 SET SQL_MODE=@OLD_SQL_MODE */;
/*!40014 SET FOREIGN_KEY_CHECKS=@OLD_FOREIGN_KEY_CHECKS */;
/*!40014 SET UNIQUE_CHECKS=@OLD_UNIQUE_CHECKS */;
/*!40101 SET CHARACTER_SET_CLIENT=@OLD_CHARACTER_SET_CLIENT */;
/*!40101 SET CHARACTER_SET_RESULTS=@OLD_CHARACTER_SET_RESULTS */;
/*!40101 SET COLLATION_CONNECTION=@OLD_COLLATION_CONNECTION */;
/*!40101 SET CHARACTER_SET_CLIENT=@OLD_CHARACTER_SET_CLIENT */;
